site,name,latitude,longitude,mapX_percent,mapY_percent,estimated,verified,confidence,calibrationStatus,sourceGeometry,calibration,calibratedAt,note
1,Site 1,40.8976701,-75.606977,73.15,0.54,True,False,medium,estimated,EstimatedFromMap,quadratic-control-point-fit,,"Estimated from the printed resort map using nearby KML control points. Navigation will get guests close, not to a surveyed pad boundary."
2,Site 2,40.8967438,-75.604081,27.31,43.08,True,False,medium,estimated,EstimatedFromMap,quadratic-control-point-fit,,"Estimated from the printed resort map using nearby KML control points. Navigation will get guests close, not to a surveyed pad boundary."
4,Site 4,40.8965945,-75.60392,22.41,45.79,True,False,medium,estimated,EstimatedFromMap,quadratic-control-point-fit,,"Estimated from the printed resort map using nearby KML control points. Navigation will get guests close, not to a surveyed pad boundary."
5,Site 5,40.8964587,-75.6038915,19.17,45.79,True,False,medium,estimated,EstimatedFromMap,quadratic-control-point-fit,,"Estimated from the printed resort map using nearby KML control points. Navigation will get guests close, not to a surveyed pad boundary."
6,Site 6,40.895864,-75.6044641,13.43,28.49,True,False,high,estimated,EstimatedFromMap,quadratic-control-point-fit,,"Estimated from the printed resort map using nearby KML control points. Navigation will get guests close, not to a surveyed pad boundary."
7,Site 7,40.8958064,-75.6045556,13.43,25.67,True,False,high,estimated,EstimatedFromMap,quadratic-control-point-fit,,"Estimated from the printed resort map using nearby KML control points. Navigation will get guests close, not to a surveyed pad boundary."
8,Site 8,40.8957485,-75.6046453,13.43,22.84,True,False,high,estimated,EstimatedFromMap,quadratic-control-point-fit,,"Estimated from the printed resort map using nearby KML control points. Navigation will get guests close, not to a surveyed pad boundary."
9,Site 9,40.8956904,-75.6047327,13.43,20.01,True,False,high,estimated,EstimatedFromMap,quadratic-control-point-fit,,"Estimated from the printed resort map using nearby KML control points. Navigation will get guests close, not to a surveyed pad boundary."
11,Site 11,40.8960745,-75.604585,19.17,26.46,True,False,high,estimated,EstimatedFromMap,quadratic-control-point-fit,,"Estimated from the printed resort map using nearby KML control points. Navigation will get guests close, not to a surveyed pad boundary."
12,Site 12,40.8960184,-75.604674,19.14,23.74,True,False,high,estimated,EstimatedFromMap,quadratic-control-point-fit,,"Estimated from the printed resort map using nearby KML control points. Navigation will get guests close, not to a surveyed pad boundary."
13,Site 13,40.895962,-75.6047605,19.1,21.03,True,False,high,estimated,EstimatedFromMap,quadratic-control-point-fit,,"Estimated from the printed resort map using nearby KML control points. Navigation will get guests close, not to a surveyed pad boundary."
14,Site 14,40.8959058,-75.6048451,19.07,18.32,True,False,high,estimated,EstimatedFromMap,quadratic-control-point-fit,,"Estimated from the printed resort map using nearby KML control points. Navigation will get guests close, not to a surveyed pad boundary."
15,Site 15,40.8958254,-75.6048723,17.87,16.96,True,False,high,estimated,EstimatedFromMap,quadratic-control-point-fit,,"Estimated from the printed resort map using nearby KML control points. Navigation will get guests close, not to a surveyed pad boundary."
16,Site 16,40.8958843,-75.6048344,18.52,18.45,True,False,high,estimated,EstimatedFromMap,quadratic-control-point-fit,,"Estimated from the printed resort map using nearby KML control points. Navigation will get guests close, not to a surveyed pad boundary."
17,Site 17,40.8959268,-75.6047762,18.61,20.35,True,False,high,estimated,EstimatedFromMap,quadratic-control-point-fit,,"Estimated from the printed resort map using nearby KML control points. Navigation will get guests close, not to a surveyed pad boundary."
19,Site 19,40.8965557,-75.6043212,25.93,36.3,True,False,high,estimated,EstimatedFromMap,quadratic-control-point-fit,,"Estimated from the printed resort map using nearby KML control points. Navigation will get guests close, not to a surveyed pad boundary."
20,Site 20,40.8966501,-75.604233,26.94,39.01,True,False,high,estimated,EstimatedFromMap,quadratic-control-point-fit,,"Estimated from the printed resort map using nearby KML control points. Navigation will get guests close, not to a surveyed pad boundary."
21,Site 21,40.8967784,-75.6042774,30.09,39.01,True,False,high,estimated,EstimatedFromMap,quadratic-control-point-fit,,"Estimated from the printed resort map using nearby KML control points. Navigation will get guests close, not to a surveyed pad boundary."
22,Site 22,40.8966775,-75.6043626,28.89,36.3,True,False,high,estimated,EstimatedFromMap,quadratic-control-point-fit,,"Estimated from the printed resort map using nearby KML control points. Navigation will get guests close, not to a surveyed pad boundary."
23,Site 23,40.8965753,-75.6044544,27.78,33.38,True,False,high,estimated,EstimatedFromMap,quadratic-control-point-fit,,"Estimated from the printed resort map using nearby KML control points. Navigation will get guests close, not to a surveyed pad boundary."
24,Site 24,40.8964504,-75.6045329,26.11,30.53,True,False,high,estimated,EstimatedFromMap,quadratic-control-point-fit,,"Estimated from the printed resort map using nearby KML control points. Navigation will get guests close, not to a surveyed pad boundary."
25,Site 25,40.8961627,-75.6048884,24.54,19.34,True,False,medium,estimated,EstimatedFromMap,quadratic-control-point-fit,,"Estimated from the printed resort map using nearby KML control points. Navigation will get guests close, not to a surveyed pad boundary."
26,Site 26,40.8961297,-75.6049485,24.63,17.5,True,False,medium,estimated,EstimatedFromMap,quadratic-control-point-fit,,"Estimated from the printed resort map using nearby KML control points. Navigation will get guests close, not to a surveyed pad boundary."
27,Site 27,40.8961672,-75.604717,22.59,23.74,True,False,high,estimated,EstimatedFromMap,quadratic-control-point-fit,,"Estimated from the printed resort map using nearby KML control points. Navigation will get guests close, not to a surveyed pad boundary."
28,Site 28,40.895941,-75.6047244,18.24,21.85,True,False,high,estimated,EstimatedFromMap,quadratic-control-point-fit,,"Estimated from the printed resort map using nearby KML control points. Navigation will get guests close, not to a surveyed pad boundary."
29,Site 29,40.8960698,-75.6048441,22.22,19.67,True,False,high,estimated,EstimatedFromMap,quadratic-control-point-fit,,"Estimated from the printed resort map using nearby KML control points. Navigation will get guests close, not to a surveyed pad boundary."
30,Site 30,40.8968366,-75.6045193,33.8,34.26,True,False,high,estimated,EstimatedFromMap,quadratic-control-point-fit,,"Estimated from the printed resort map using nearby KML control points. Navigation will get guests close, not to a surveyed pad boundary."
31,Site 31,40.8967478,-75.6046001,32.84,31.64,True,False,high,estimated,EstimatedFromMap,quadratic-control-point-fit,,"Estimated from the printed resort map using nearby KML control points. Navigation will get guests close, not to a surveyed pad boundary."
32,Site 32,40.8966583,-75.604679,31.88,29.01,True,False,high,estimated,EstimatedFromMap,quadratic-control-point-fit,,"Estimated from the printed resort map using nearby KML control points. Navigation will get guests close, not to a surveyed pad boundary."
33,Site 33,40.8965687,-75.6047556,30.93,26.39,True,False,high,estimated,EstimatedFromMap,quadratic-control-point-fit,,"Estimated from the printed resort map using nearby KML control points. Navigation will get guests close, not to a surveyed pad boundary."
34,Site 34,40.8964781,-75.6048298,29.97,23.77,True,False,high,estimated,EstimatedFromMap,quadratic-control-point-fit,,"Estimated from the printed resort map using nearby KML control points. Navigation will get guests close, not to a surveyed pad boundary."
35,Site 35,40.8963867,-75.6049021,29.01,21.14,True,False,high,estimated,EstimatedFromMap,quadratic-control-point-fit,,"Estimated from the printed resort map using nearby KML control points. Navigation will get guests close, not to a surveyed pad boundary."
36,Site 36,40.8962953,-75.604972,28.06,18.52,True,False,high,estimated,EstimatedFromMap,quadratic-control-point-fit,,"Estimated from the printed resort map using nearby KML control points. Navigation will get guests close, not to a surveyed pad boundary."
37,Site 37,40.896025,-75.6050047,23.33,15.06,True,False,high,estimated,EstimatedFromMap,quadratic-control-point-fit,,"Estimated from the printed resort map using nearby KML control points. Navigation will get guests close, not to a surveyed pad boundary."
37B,Site 37B,40.8960782,-75.6051128,25.65,12.75,True,False,medium,estimated,EstimatedFromMap,quadratic-control-point-fit,,"Estimated from the printed resort map using nearby KML control points. Navigation will get guests close, not to a surveyed pad boundary."
38,Site 38,40.8961824,-75.605129,27.78,13.43,True,False,high,estimated,EstimatedFromMap,quadratic-control-point-fit,,"Estimated from the printed resort map using nearby KML control points. Navigation will get guests close, not to a surveyed pad boundary."
39,Site 39,40.8962959,-75.6052181,30.93,12.48,True,False,high,estimated,EstimatedFromMap,quadratic-control-point-fit,,"Estimated from the printed resort map using nearby KML control points. Navigation will get guests close, not to a surveyed pad boundary."
40,Site 40,40.8964074,-75.6053131,34.07,11.53,True,False,high,estimated,EstimatedFromMap,quadratic-control-point-fit,,"Estimated from the printed resort map using nearby KML control points. Navigation will get guests close, not to a surveyed pad boundary."
41,Site 41,40.8965176,-75.6054145,37.22,10.58,True,False,high,estimated,EstimatedFromMap,quadratic-control-point-fit,,"Estimated from the printed resort map using nearby KML control points. Navigation will get guests close, not to a surveyed pad boundary."
42,Site 42,40.8966261,-75.6055219,40.37,9.63,True,False,high,estimated,EstimatedFromMap,quadratic-control-point-fit,,"Estimated from the printed resort map using nearby KML control points. Navigation will get guests close, not to a surveyed pad boundary."
43,Site 43,40.8967329,-75.6056356,43.52,8.68,True,False,high,estimated,EstimatedFromMap,quadratic-control-point-fit,,"Estimated from the printed resort map using nearby KML control points. Navigation will get guests close, not to a surveyed pad boundary."
45,Site 45,40.8969928,-75.6056257,48.15,12.89,True,False,high,estimated,EstimatedFromMap,quadratic-control-point-fit,,"Estimated from the printed resort map using nearby KML control points. Navigation will get guests close, not to a surveyed pad boundary."
46,Site 46,40.8968033,-75.6054965,43.33,12.75,True,False,high,estimated,EstimatedFromMap,quadratic-control-point-fit,,"Estimated from the printed resort map using nearby KML control points. Navigation will get guests close, not to a surveyed pad boundary."
47,Site 47,40.8966361,-75.6053771,38.98,13.03,True,False,high,estimated,EstimatedFromMap,quadratic-control-point-fit,,"Estimated from the printed resort map using nearby KML control points. Navigation will get guests close, not to a surveyed pad boundary."
48,Site 48,40.8965335,-75.6052211,35.37,15.26,True,False,high,estimated,EstimatedFromMap,quadratic-control-point-fit,,"Estimated from the printed resort map using nearby KML control points. Navigation will get guests close, not to a surveyed pad boundary."
50,Site 50,40.8962467,-75.6050424,27.96,16.28,True,False,high,estimated,EstimatedFromMap,quadratic-control-point-fit,,"Estimated from the printed resort map using nearby KML control points. Navigation will get guests close, not to a surveyed pad boundary."
51,Site 51,40.8965967,-75.6049429,33.52,22.39,True,False,high,estimated,EstimatedFromMap,quadratic-control-point-fit,,"Estimated from the printed resort map using nearby KML control points. Navigation will get guests close, not to a surveyed pad boundary."
52,Site 52,40.8967049,-75.6050585,36.85,21.03,True,False,high,estimated,EstimatedFromMap,quadratic-control-point-fit,,"Estimated from the printed resort map using nearby KML control points. Navigation will get guests close, not to a surveyed pad boundary."
53,Site 53,40.8967911,-75.6050596,38.52,22.05,True,False,high,estimated,EstimatedFromMap,quadratic-control-point-fit,,"Estimated from the printed resort map using nearby KML control points. Navigation will get guests close, not to a surveyed pad boundary."
54,Site 54,40.8968964,-75.6051854,41.85,20.69,True,False,high,estimated,EstimatedFromMap,quadratic-control-point-fit,,"Estimated from the printed resort map using nearby KML control points. Navigation will get guests close, not to a surveyed pad boundary."
55,Site 55,40.8969943,-75.6053111,45,19.4,True,False,high,estimated,EstimatedFromMap,quadratic-control-point-fit,,"Estimated from the printed resort map using nearby KML control points. Navigation will get guests close, not to a surveyed pad boundary."
56,Site 56,40.8971708,-75.6055898,51.11,16.42,True,False,high,estimated,EstimatedFromMap,quadratic-control-point-fit,,"Estimated from the printed resort map using nearby KML control points. Navigation will get guests close, not to a surveyed pad boundary."
57,Site 57,40.8973041,-75.6057036,54.72,16.38,True,False,high,estimated,EstimatedFromMap,quadratic-control-point-fit,,"Estimated from the printed resort map using nearby KML control points. Navigation will get guests close, not to a surveyed pad boundary."
58,Site 58,40.897435,-75.6058241,58.33,16.35,True,False,high,estimated,EstimatedFromMap,quadratic-control-point-fit,,"Estimated from the printed resort map using nearby KML control points. Navigation will get guests close, not to a surveyed pad boundary."
59,Site 59,40.8975633,-75.6059518,61.94,16.32,True,False,high,estimated,EstimatedFromMap,quadratic-control-point-fit,,"Estimated from the printed resort map using nearby KML control points. Navigation will get guests close, not to a surveyed pad boundary."
60,Site 60,40.8976892,-75.6060873,65.56,16.28,True,False,high,estimated,EstimatedFromMap,quadratic-control-point-fit,,"Estimated from the printed resort map using nearby KML control points. Navigation will get guests close, not to a surveyed pad boundary."
64,Site 64,40.8978771,-75.6062233,70.37,17.64,True,False,high,estimated,EstimatedFromMap,quadratic-control-point-fit,,"Estimated from the printed resort map using nearby KML control points. Navigation will get guests close, not to a surveyed pad boundary."
65,Site 65,40.8978749,-75.6063625,71.53,15.29,True,False,high,estimated,EstimatedFromMap,quadratic-control-point-fit,,"Estimated from the printed resort map using nearby KML control points. Navigation will get guests close, not to a surveyed pad boundary."
66,Site 66,40.8978727,-75.6065018,72.69,12.94,True,False,high,estimated,EstimatedFromMap,quadratic-control-point-fit,,"Estimated from the printed resort map using nearby KML control points. Navigation will get guests close, not to a surveyed pad boundary."
67,Site 67,40.8978698,-75.6066412,73.84,10.58,True,False,high,estimated,EstimatedFromMap,quadratic-control-point-fit,,"Estimated from the printed resort map using nearby KML control points. Navigation will get guests close, not to a surveyed pad boundary."
68,Site 68,40.8978674,-75.6067808,75,8.23,True,False,high,estimated,EstimatedFromMap,quadratic-control-point-fit,,"Estimated from the printed resort map using nearby KML control points. Navigation will get guests close, not to a surveyed pad boundary."
69,Site 69,40.8978648,-75.6069205,76.16,5.88,True,False,high,estimated,EstimatedFromMap,quadratic-control-point-fit,,"Estimated from the printed resort map using nearby KML control points. Navigation will get guests close, not to a surveyed pad boundary."
70,Site 70,40.8978619,-75.6070598,77.31,3.53,True,False,high,estimated,EstimatedFromMap,quadratic-control-point-fit,,"Estimated from the printed resort map using nearby KML control points. Navigation will get guests close, not to a surveyed pad boundary."
71,Site 71,40.8977038,-75.6069099,73.15,2.44,True,False,medium,estimated,EstimatedFromMap,quadratic-control-point-fit,,"Estimated from the printed resort map using nearby KML control points. Navigation will get guests close, not to a surveyed pad boundary."
72,Site 72,40.8976419,-75.606744,70.56,3.93,True,False,medium,estimated,EstimatedFromMap,quadratic-control-point-fit,,"Estimated from the printed resort map using nearby KML control points. Navigation will get guests close, not to a surveyed pad boundary."
73,Site 73,40.8975914,-75.6067201,69.44,3.26,True,False,medium,estimated,EstimatedFromMap,quadratic-control-point-fit,,"Estimated from the printed resort map using nearby KML control points. Navigation will get guests close, not to a surveyed pad boundary."
74,Site 74,40.897495,-75.6066051,66.67,3.26,True,False,medium,estimated,EstimatedFromMap,quadratic-control-point-fit,,"Estimated from the printed resort map using nearby KML control points. Navigation will get guests close, not to a surveyed pad boundary."
76,Site 76,40.8969522,-75.6059715,50.93,5.09,True,False,high,estimated,EstimatedFromMap,quadratic-control-point-fit,,"Estimated from the printed resort map using nearby KML control points. Navigation will get guests close, not to a surveyed pad boundary."
77,Site 77,40.8971619,-75.6060887,55.83,6.45,True,False,high,estimated,EstimatedFromMap,quadratic-control-point-fit,,"Estimated from the printed resort map using nearby KML control points. Navigation will get guests close, not to a surveyed pad boundary."
78,Site 78,40.8972283,-75.6059759,55.93,9.84,True,False,high,estimated,EstimatedFromMap,quadratic-control-point-fit,,"Estimated from the printed resort map using nearby KML control points. Navigation will get guests close, not to a surveyed pad boundary."
79,Site 79,40.8973215,-75.6059026,56.94,12.89,True,False,high,estimated,EstimatedFromMap,quadratic-control-point-fit,,"Estimated from the printed resort map using nearby KML control points. Navigation will get guests close, not to a surveyed pad boundary."
80,Site 80,40.8976544,-75.6046511,52.04,41.04,True,False,high,estimated,EstimatedFromMap,quadratic-control-point-fit,,"Estimated from the printed resort map using nearby KML control points. Navigation will get guests close, not to a surveyed pad boundary."
81,Site 81,40.8979825,-75.6049979,62.04,39.82,True,False,high,estimated,EstimatedFromMap,quadratic-control-point-fit,,"Estimated from the printed resort map using nearby KML control points. Navigation will get guests close, not to a surveyed pad boundary."
82,Site 82,40.8979544,-75.6051248,62.52,37.27,True,False,high,estimated,EstimatedFromMap,quadratic-control-point-fit,,"Estimated from the printed resort map using nearby KML control points. Navigation will get guests close, not to a surveyed pad boundary."
83,Site 83,40.8979266,-75.6052508,63.01,34.72,True,False,high,estimated,EstimatedFromMap,quadratic-control-point-fit,,"Estimated from the printed resort map using nearby KML control points. Navigation will get guests close, not to a surveyed pad boundary."
84,Site 84,40.8978987,-75.6053756,63.5,32.17,True,False,high,estimated,EstimatedFromMap,quadratic-control-point-fit,,"Estimated from the printed resort map using nearby KML control points. Navigation will get guests close, not to a surveyed pad boundary."
85,Site 85,40.8978702,-75.6054992,63.98,29.61,True,False,high,estimated,EstimatedFromMap,quadratic-control-point-fit,,"Estimated from the printed resort map using nearby KML control points. Navigation will get guests close, not to a surveyed pad boundary."
86,Site 86,40.8978422,-75.6056215,64.47,27.06,True,False,high,estimated,EstimatedFromMap,quadratic-control-point-fit,,"Estimated from the printed resort map using nearby KML control points. Navigation will get guests close, not to a surveyed pad boundary."
87,Site 87,40.8978137,-75.6057422,64.95,24.51,True,False,high,estimated,EstimatedFromMap,quadratic-control-point-fit,,"Estimated from the printed resort map using nearby KML control points. Navigation will get guests close, not to a surveyed pad boundary."
88,Site 88,40.8977856,-75.605862,65.44,21.96,True,False,high,estimated,EstimatedFromMap,quadratic-control-point-fit,,"Estimated from the printed resort map using nearby KML control points. Navigation will get guests close, not to a surveyed pad boundary."
89,Site 89,40.8977572,-75.605981,65.93,19.4,True,False,high,estimated,EstimatedFromMap,quadratic-control-point-fit,,"Estimated from the printed resort map using nearby KML control points. Navigation will get guests close, not to a surveyed pad boundary."
100,Site 100,40.8980581,-75.6050251,63.89,40.57,True,False,high,estimated,EstimatedFromMap,quadratic-control-point-fit,,"Estimated from the printed resort map using nearby KML control points. Navigation will get guests close, not to a surveyed pad boundary."
101,Site 101,40.8980223,-75.6051533,64.2,37.9,True,False,high,estimated,EstimatedFromMap,quadratic-control-point-fit,,"Estimated from the printed resort map using nearby KML control points. Navigation will get guests close, not to a surveyed pad boundary."
102,Site 102,40.8979869,-75.6052798,64.52,35.24,True,False,high,estimated,EstimatedFromMap,quadratic-control-point-fit,,"Estimated from the printed resort map using nearby KML control points. Navigation will get guests close, not to a surveyed pad boundary."
103,Site 103,40.8979509,-75.6054047,64.83,32.57,True,False,high,estimated,EstimatedFromMap,quadratic-control-point-fit,,"Estimated from the printed resort map using nearby KML control points. Navigation will get guests close, not to a surveyed pad boundary."
104,Site 104,40.8979153,-75.605528,65.15,29.91,True,False,high,estimated,EstimatedFromMap,quadratic-control-point-fit,,"Estimated from the printed resort map using nearby KML control points. Navigation will get guests close, not to a surveyed pad boundary."
105,Site 105,40.8978791,-75.6056497,65.46,27.24,True,False,high,estimated,EstimatedFromMap,quadratic-control-point-fit,,"Estimated from the printed resort map using nearby KML control points. Navigation will get guests close, not to a surveyed pad boundary."
106,Site 106,40.8978432,-75.6057701,65.78,24.57,True,False,high,estimated,EstimatedFromMap,quadratic-control-point-fit,,"Estimated from the printed resort map using nearby KML control points. Navigation will get guests close, not to a surveyed pad boundary."
107,Site 107,40.897807,-75.6058882,66.09,21.91,True,False,high,estimated,EstimatedFromMap,quadratic-control-point-fit,,"Estimated from the printed resort map using nearby KML control points. Navigation will get guests close, not to a surveyed pad boundary."
108,Site 108,40.8977709,-75.6060054,66.41,19.24,True,False,high,estimated,EstimatedFromMap,quadratic-control-point-fit,,"Estimated from the printed resort map using nearby KML control points. Navigation will get guests close, not to a surveyed pad boundary."
109,Site 109,40.8977343,-75.6061207,66.72,16.57,True,False,high,estimated,EstimatedFromMap,quadratic-control-point-fit,,"Estimated from the printed resort map using nearby KML control points. Navigation will get guests close, not to a surveyed pad boundary."
110,Site 110,40.8976982,-75.6062343,67.04,13.91,True,False,high,estimated,EstimatedFromMap,quadratic-control-point-fit,,"Estimated from the printed resort map using nearby KML control points. Navigation will get guests close, not to a surveyed pad boundary."
111,Site 111,40.8980773,-75.6060293,72.69,24.76,True,False,high,estimated,EstimatedFromMap,quadratic-control-point-fit,,"Estimated from the printed resort map using nearby KML control points. Navigation will get guests close, not to a surveyed pad boundary."
112,Site 112,40.8981253,-75.6059142,72.71,27.52,True,False,high,estimated,EstimatedFromMap,quadratic-control-point-fit,,"Estimated from the printed resort map using nearby KML control points. Navigation will get guests close, not to a surveyed pad boundary."
113,Site 113,40.8981736,-75.6057971,72.74,30.29,True,False,high,estimated,EstimatedFromMap,quadratic-control-point-fit,,"Estimated from the printed resort map using nearby KML control points. Navigation will get guests close, not to a surveyed pad boundary."
114,Site 114,40.8982212,-75.6056778,72.76,33.05,True,False,high,estimated,EstimatedFromMap,quadratic-control-point-fit,,"Estimated from the printed resort map using nearby KML control points. Navigation will get guests close, not to a surveyed pad boundary."
115,Site 115,40.8982689,-75.6055568,72.79,35.81,True,False,high,estimated,EstimatedFromMap,quadratic-control-point-fit,,"Estimated from the printed resort map using nearby KML control points. Navigation will get guests close, not to a surveyed pad boundary."
116,Site 116,40.8983165,-75.6054337,72.82,38.57,True,False,high,estimated,EstimatedFromMap,quadratic-control-point-fit,,"Estimated from the printed resort map using nearby KML control points. Navigation will get guests close, not to a surveyed pad boundary."
117,Site 117,40.8983637,-75.6053077,72.84,41.34,True,False,high,estimated,EstimatedFromMap,quadratic-control-point-fit,,"Estimated from the printed resort map using nearby KML control points. Navigation will get guests close, not to a surveyed pad boundary."
118,Site 118,40.8984109,-75.6051804,72.87,44.1,True,False,high,estimated,EstimatedFromMap,quadratic-control-point-fit,,"Estimated from the printed resort map using nearby KML control points. Navigation will get guests close, not to a surveyed pad boundary."
119,Site 119,40.8985231,-75.6052025,75.56,45.79,True,False,high,estimated,EstimatedFromMap,quadratic-control-point-fit,,"Estimated from the printed resort map using nearby KML control points. Navigation will get guests close, not to a surveyed pad boundary."
120,Site 120,40.8985469,-75.6054191,77.78,43.08,True,False,high,estimated,EstimatedFromMap,quadratic-control-point-fit,,"Estimated from the printed resort map using nearby KML control points. Navigation will get guests close, not to a surveyed pad boundary."
121,Site 121,40.8985042,-75.6055433,77.8,40.46,True,False,high,estimated,EstimatedFromMap,quadratic-control-point-fit,,"Estimated from the printed resort map using nearby KML control points. Navigation will get guests close, not to a surveyed pad boundary."
122,Site 122,40.8984619,-75.6056656,77.83,37.85,True,False,high,estimated,EstimatedFromMap,quadratic-control-point-fit,,"Estimated from the printed resort map using nearby KML control points. Navigation will get guests close, not to a surveyed pad boundary."
123,Site 123,40.8984193,-75.6057865,77.86,35.23,True,False,high,estimated,EstimatedFromMap,quadratic-control-point-fit,,"Estimated from the printed resort map using nearby KML control points. Navigation will get guests close, not to a surveyed pad boundary."
124,Site 124,40.8983763,-75.6059051,77.88,32.61,True,False,high,estimated,EstimatedFromMap,quadratic-control-point-fit,,"Estimated from the printed resort map using nearby KML control points. Navigation will get guests close, not to a surveyed pad boundary."
125,Site 125,40.8980997,-75.6060225,73.89,28.83,False,True,known,known,Point,known-kml-point,,Known imported KML campsite coordinate.
126,Site 126,40.8982904,-75.6061372,77.94,27.38,True,False,high,estimated,EstimatedFromMap,quadratic-control-point-fit,,"Estimated from the printed resort map using nearby KML control points. Navigation will get guests close, not to a surveyed pad boundary."
127,Site 127,40.8982469,-75.6062502,77.96,24.76,True,False,high,estimated,EstimatedFromMap,quadratic-control-point-fit,,"Estimated from the printed resort map using nearby KML control points. Navigation will get guests close, not to a surveyed pad boundary."
128,Site 128,40.8984333,-75.6064405,83.33,25.92,True,False,high,estimated,EstimatedFromMap,quadratic-control-point-fit,,"Estimated from the printed resort map using nearby KML control points. Navigation will get guests close, not to a surveyed pad boundary."
129,Site 129,40.898473,-75.6062762,82.87,29.17,True,False,high,estimated,EstimatedFromMap,quadratic-control-point-fit,,"Estimated from the printed resort map using nearby KML control points. Navigation will get guests close, not to a surveyed pad boundary."
130,Site 130,40.8985234,-75.6061388,82.87,32.23,True,False,high,estimated,EstimatedFromMap,quadratic-control-point-fit,,"Estimated from the printed resort map using nearby KML control points. Navigation will get guests close, not to a surveyed pad boundary."
131,Site 131,40.8985711,-75.6060058,82.87,35.14,True,False,high,estimated,EstimatedFromMap,quadratic-control-point-fit,,"Estimated from the printed resort map using nearby KML control points. Navigation will get guests close, not to a surveyed pad boundary."
132,Site 132,40.8986177,-75.6058732,82.87,37.99,True,False,high,estimated,EstimatedFromMap,quadratic-control-point-fit,,"Estimated from the printed resort map using nearby KML control points. Navigation will get guests close, not to a surveyed pad boundary."
133,Site 133,40.8986558,-75.6057263,82.59,40.84,True,False,high,estimated,EstimatedFromMap,quadratic-control-point-fit,,"Estimated from the printed resort map using nearby KML control points. Navigation will get guests close, not to a surveyed pad boundary."
134,Site 134,40.8986893,-75.605542,81.94,44.1,True,False,high,estimated,EstimatedFromMap,quadratic-control-point-fit,,"Estimated from the printed resort map using nearby KML control points. Navigation will get guests close, not to a surveyed pad boundary."
135,Site 135,40.8987332,-75.6054098,81.94,46.81,True,False,high,estimated,EstimatedFromMap,quadratic-control-point-fit,,"Estimated from the printed resort map using nearby KML control points. Navigation will get guests close, not to a surveyed pad boundary."
136,Site 136,40.8987634,-75.605256,81.48,49.53,True,False,high,estimated,EstimatedFromMap,quadratic-control-point-fit,,"Estimated from the printed resort map using nearby KML control points. Navigation will get guests close, not to a surveyed pad boundary."
137,Site 137,40.8988079,-75.605958,87.78,40.84,True,False,high,estimated,EstimatedFromMap,quadratic-control-point-fit,,"Estimated from the printed resort map using nearby KML control points. Navigation will get guests close, not to a surveyed pad boundary."
138,Site 138,40.8987623,-75.6060951,87.78,37.99,True,False,high,estimated,EstimatedFromMap,quadratic-control-point-fit,,"Estimated from the printed resort map using nearby KML control points. Navigation will get guests close, not to a surveyed pad boundary."
139,Site 139,40.8987165,-75.6062299,87.78,35.14,True,False,high,estimated,EstimatedFromMap,quadratic-control-point-fit,,"Estimated from the printed resort map using nearby KML control points. Navigation will get guests close, not to a surveyed pad boundary."
140,Site 140,40.8986696,-75.6063653,87.78,32.23,True,False,high,estimated,EstimatedFromMap,quadratic-control-point-fit,,"Estimated from the printed resort map using nearby KML control points. Navigation will get guests close, not to a surveyed pad boundary."
141,Site 141,40.89862,-75.6065052,87.78,29.17,True,False,high,estimated,EstimatedFromMap,quadratic-control-point-fit,,"Estimated from the printed resort map using nearby KML control points. Navigation will get guests close, not to a surveyed pad boundary."
142,Site 142,40.8985671,-75.6066509,87.78,25.92,True,False,high,estimated,EstimatedFromMap,quadratic-control-point-fit,,"Estimated from the printed resort map using nearby KML control points. Navigation will get guests close, not to a surveyed pad boundary."
143,Site 143,40.8983662,-75.606557,82.87,22.73,True,False,high,estimated,EstimatedFromMap,quadratic-control-point-fit,,"Estimated from the printed resort map using nearby KML control points. Navigation will get guests close, not to a surveyed pad boundary."
144,Site 144,40.8981927,-75.6064191,78.24,21.03,True,False,high,estimated,EstimatedFromMap,quadratic-control-point-fit,,"Estimated from the printed resort map using nearby KML control points. Navigation will get guests close, not to a surveyed pad boundary."
145,Site 145,40.8981861,-75.6063218,77.31,22.39,True,False,high,estimated,EstimatedFromMap,quadratic-control-point-fit,,"Estimated from the printed resort map using nearby KML control points. Navigation will get guests close, not to a surveyed pad boundary."
146,Site 146,40.898063,-75.6063397,75,19.54,True,False,medium,estimated,EstimatedFromMap,quadratic-control-point-fit,,"Estimated from the printed resort map using nearby KML control points. Navigation will get guests close, not to a surveyed pad boundary."
147,Site 147,40.898091,-75.6062732,75,21.17,True,False,medium,estimated,EstimatedFromMap,quadratic-control-point-fit,,"Estimated from the printed resort map using nearby KML control points. Navigation will get guests close, not to a surveyed pad boundary."
148,Site 148,40.898104,-75.6061867,74.54,22.8,True,False,medium,estimated,EstimatedFromMap,quadratic-control-point-fit,,"Estimated from the printed resort map using nearby KML control points. Navigation will get guests close, not to a surveyed pad boundary."
149,Site 149,40.8980606,-75.6064564,75.93,17.64,True,False,high,estimated,EstimatedFromMap,quadratic-control-point-fit,,"Estimated from the printed resort map using nearby KML control points. Navigation will get guests close, not to a surveyed pad boundary."
150,Site 150,40.8980625,-75.6065893,77.08,15.58,True,False,high,estimated,EstimatedFromMap,quadratic-control-point-fit,,"Estimated from the printed resort map using nearby KML control points. Navigation will get guests close, not to a surveyed pad boundary."
151,Site 151,40.8980647,-75.606723,78.24,13.52,True,False,high,estimated,EstimatedFromMap,quadratic-control-point-fit,,"Estimated from the printed resort map using nearby KML control points. Navigation will get guests close, not to a surveyed pad boundary."
152,Site 152,40.8980669,-75.6068566,79.4,11.47,True,False,high,estimated,EstimatedFromMap,quadratic-control-point-fit,,"Estimated from the printed resort map using nearby KML control points. Navigation will get guests close, not to a surveyed pad boundary."
153,Site 153,40.8980688,-75.606991,80.56,9.41,True,False,high,estimated,EstimatedFromMap,quadratic-control-point-fit,,"Estimated from the printed resort map using nearby KML control points. Navigation will get guests close, not to a surveyed pad boundary."
154,Site 154,40.8980704,-75.6071253,81.71,7.35,True,False,high,estimated,EstimatedFromMap,quadratic-control-point-fit,,"Estimated from the printed resort map using nearby KML control points. Navigation will get guests close, not to a surveyed pad boundary."
155,Site 155,40.8980721,-75.6072604,82.87,5.29,True,False,high,estimated,EstimatedFromMap,quadratic-control-point-fit,,"Estimated from the printed resort map using nearby KML control points. Navigation will get guests close, not to a surveyed pad boundary."
156,Site 156,40.8981813,-75.6074621,86.57,4.88,True,False,high,estimated,EstimatedFromMap,quadratic-control-point-fit,,"Estimated from the printed resort map using nearby KML control points. Navigation will get guests close, not to a surveyed pad boundary."
157,Site 157,40.8982698,-75.6074278,87.96,7.6,True,False,high,estimated,EstimatedFromMap,quadratic-control-point-fit,,"Estimated from the printed resort map using nearby KML control points. Navigation will get guests close, not to a surveyed pad boundary."
160,Site 160,40.8983861,-75.6072629,88.89,12.89,True,False,high,estimated,EstimatedFromMap,quadratic-control-point-fit,,"Estimated from the printed resort map using nearby KML control points. Navigation will get guests close, not to a surveyed pad boundary."
161,Site 161,40.8984232,-75.607155,88.77,15.35,True,False,high,estimated,EstimatedFromMap,quadratic-control-point-fit,,"Estimated from the printed resort map using nearby KML control points. Navigation will get guests close, not to a surveyed pad boundary."
162,Site 162,40.8984604,-75.6070461,88.66,17.81,True,False,high,estimated,EstimatedFromMap,quadratic-control-point-fit,,"Estimated from the printed resort map using nearby KML control points. Navigation will get guests close, not to a surveyed pad boundary."
163,Site 163,40.8984972,-75.6069352,88.54,20.27,True,False,high,estimated,EstimatedFromMap,quadratic-control-point-fit,,"Estimated from the printed resort map using nearby KML control points. Navigation will get guests close, not to a surveyed pad boundary."
164,Site 164,40.8985343,-75.6068232,88.43,22.73,True,False,high,estimated,EstimatedFromMap,quadratic-control-point-fit,,"Estimated from the printed resort map using nearby KML control points. Navigation will get guests close, not to a surveyed pad boundary."
165,Site 165,40.8984092,-75.607849,93.98,5.09,True,False,medium,estimated,EstimatedFromMap,quadratic-control-point-fit,,"Estimated from the printed resort map using nearby KML control points. Navigation will get guests close, not to a surveyed pad boundary."
166,Site 166,40.8984784,-75.6077623,94.63,8.14,True,False,medium,estimated,EstimatedFromMap,quadratic-control-point-fit,,"Estimated from the printed resort map using nearby KML control points. Navigation will get guests close, not to a surveyed pad boundary."
169,Site 169,40.8986311,-75.6071626,93.06,20.35,True,False,medium,estimated,EstimatedFromMap,quadratic-control-point-fit,,"Estimated from the printed resort map using nearby KML control points. Navigation will get guests close, not to a surveyed pad boundary."
170,Site 170,40.8986768,-75.6070377,93.06,23.18,True,False,medium,estimated,EstimatedFromMap,quadratic-control-point-fit,,"Estimated from the printed resort map using nearby KML control points. Navigation will get guests close, not to a surveyed pad boundary."
171,Site 171,40.8987222,-75.6069106,93.06,26.01,True,False,medium,estimated,EstimatedFromMap,quadratic-control-point-fit,,"Estimated from the printed resort map using nearby KML control points. Navigation will get guests close, not to a surveyed pad boundary."
172,Site 172,40.8987673,-75.6067817,93.06,28.83,True,False,medium,estimated,EstimatedFromMap,quadratic-control-point-fit,,"Estimated from the printed resort map using nearby KML control points. Navigation will get guests close, not to a surveyed pad boundary."
176,Site 176,40.8988403,-75.6065041,92.59,34.26,True,False,medium,estimated,EstimatedFromMap,quadratic-control-point-fit,,"Estimated from the printed resort map using nearby KML control points. Navigation will get guests close, not to a surveyed pad boundary."
177,Site 177,40.8988801,-75.606369,92.48,36.97,True,False,medium,estimated,EstimatedFromMap,quadratic-control-point-fit,,"Estimated from the printed resort map using nearby KML control points. Navigation will get guests close, not to a surveyed pad boundary."
178,Site 178,40.8989197,-75.606231,92.36,39.69,True,False,medium,estimated,EstimatedFromMap,quadratic-control-point-fit,,"Estimated from the printed resort map using nearby KML control points. Navigation will get guests close, not to a surveyed pad boundary."
179,Site 179,40.8989592,-75.6060921,92.25,42.4,True,False,medium,estimated,EstimatedFromMap,quadratic-control-point-fit,,"Estimated from the printed resort map using nearby KML control points. Navigation will get guests close, not to a surveyed pad boundary."
180,Site 180,40.8989985,-75.6059503,92.13,45.12,True,False,medium,estimated,EstimatedFromMap,quadratic-control-point-fit,,"Estimated from the printed resort map using nearby KML control points. Navigation will get guests close, not to a surveyed pad boundary."
181,Site 181,40.8989656,-75.6057391,89.81,47.15,True,False,medium,estimated,EstimatedFromMap,quadratic-control-point-fit,,"Estimated from the printed resort map using nearby KML control points. Navigation will get guests close, not to a surveyed pad boundary."
182,Site 182,40.8989976,-75.6056354,89.81,49.19,True,False,medium,estimated,EstimatedFromMap,quadratic-control-point-fit,,"Estimated from the printed resort map using nearby KML control points. Navigation will get guests close, not to a surveyed pad boundary."
183,Site 183,40.8988906,-75.6052895,84.72,51.56,True,False,medium,estimated,EstimatedFromMap,quadratic-control-point-fit,,"Estimated from the printed resort map using nearby KML control points. Navigation will get guests close, not to a surveyed pad boundary."
184,Site 184,40.8989229,-75.6051851,84.72,53.6,True,False,medium,estimated,EstimatedFromMap,quadratic-control-point-fit,,"Estimated from the printed resort map using nearby KML control points. Navigation will get guests close, not to a surveyed pad boundary."
185,Site 185,40.8986715,-75.6049887,77.31,51.56,True,False,medium,estimated,EstimatedFromMap,quadratic-control-point-fit,,"Estimated from the printed resort map using nearby KML control points. Navigation will get guests close, not to a surveyed pad boundary."
186,Site 186,40.8985932,-75.6048841,74.69,51.67,True,False,medium,estimated,EstimatedFromMap,quadratic-control-point-fit,,"Estimated from the printed resort map using nearby KML control points. Navigation will get guests close, not to a surveyed pad boundary."
187,Site 187,40.8985138,-75.6047828,72.07,51.79,True,False,medium,estimated,EstimatedFromMap,quadratic-control-point-fit,,"Estimated from the printed resort map using nearby KML control points. Navigation will get guests close, not to a surveyed pad boundary."
188,Site 188,40.8984325,-75.6046854,69.44,51.9,True,False,medium,estimated,EstimatedFromMap,quadratic-control-point-fit,,"Estimated from the printed resort map using nearby KML control points. Navigation will get guests close, not to a surveyed pad boundary."
189,Site 189,40.898818,-75.6049625,80.56,54.61,True,False,medium,estimated,EstimatedFromMap,quadratic-control-point-fit,,"Estimated from the printed resort map using nearby KML control points. Navigation will get guests close, not to a surveyed pad boundary."
190,Site 190,40.898749,-75.6048715,78.24,54.61,True,False,medium,estimated,EstimatedFromMap,quadratic-control-point-fit,,"Estimated from the printed resort map using nearby KML control points. Navigation will get guests close, not to a surveyed pad boundary."
191,Site 191,40.8986793,-75.6047838,75.93,54.61,True,False,medium,estimated,EstimatedFromMap,quadratic-control-point-fit,,"Estimated from the printed resort map using nearby KML control points. Navigation will get guests close, not to a surveyed pad boundary."
192,Site 192,40.8986082,-75.6046987,73.61,54.61,True,False,medium,estimated,EstimatedFromMap,quadratic-control-point-fit,,"Estimated from the printed resort map using nearby KML control points. Navigation will get guests close, not to a surveyed pad boundary."
193,Site 193,40.898867,-75.604805,80.56,57.67,True,False,medium,estimated,EstimatedFromMap,quadratic-control-point-fit,,"Estimated from the printed resort map using nearby KML control points. Navigation will get guests close, not to a surveyed pad boundary."
194,Site 194,40.8987984,-75.6047152,78.24,57.67,True,False,medium,estimated,EstimatedFromMap,quadratic-control-point-fit,,"Estimated from the printed resort map using nearby KML control points. Navigation will get guests close, not to a surveyed pad boundary."
195,Site 195,40.8987291,-75.6046286,75.93,57.67,True,False,medium,estimated,EstimatedFromMap,quadratic-control-point-fit,,"Estimated from the printed resort map using nearby KML control points. Navigation will get guests close, not to a surveyed pad boundary."
196,Site 196,40.8986584,-75.6045447,73.61,57.67,True,False,medium,estimated,EstimatedFromMap,quadratic-control-point-fit,,"Estimated from the printed resort map using nearby KML control points. Navigation will get guests close, not to a surveyed pad boundary."
197,Site 197,40.8989506,-75.6045913,81.02,62.08,True,False,medium,estimated,EstimatedFromMap,quadratic-control-point-fit,,"Estimated from the printed resort map using nearby KML control points. Navigation will get guests close, not to a surveyed pad boundary."
198,Site 198,40.8988828,-75.6045026,78.7,62.08,True,False,medium,estimated,EstimatedFromMap,quadratic-control-point-fit,,"Estimated from the printed resort map using nearby KML control points. Navigation will get guests close, not to a surveyed pad boundary."
199,Site 199,40.8988143,-75.6044171,76.39,62.08,True,False,medium,estimated,EstimatedFromMap,quadratic-control-point-fit,,"Estimated from the printed resort map using nearby KML control points. Navigation will get guests close, not to a surveyed pad boundary."
200,Site 200,40.8987444,-75.6043343,74.07,62.08,True,False,medium,estimated,EstimatedFromMap,quadratic-control-point-fit,,"Estimated from the printed resort map using nearby KML control points. Navigation will get guests close, not to a surveyed pad boundary."
F26,Site F26,40.8972452,-75.6033616,31.2,61.4,True,False,medium,estimated,EstimatedFromMap,quadratic-control-point-fit-diversity-way-f-sites,,"Estimated Diversity Way F-site from the printed resort map using nearby KML/campsite control points. Navigation will get guests close, not to a surveyed pad boundary."
F27,Site F27,40.8972767,-75.6032855,31.2,63.09,True,False,medium,estimated,EstimatedFromMap,quadratic-control-point-fit-diversity-way-f-sites,,"Estimated Diversity Way F-site from the printed resort map using nearby KML/campsite control points. Navigation will get guests close, not to a surveyed pad boundary."
F28,Site F28,40.8973083,-75.6032081,31.2,64.79,True,False,medium,estimated,EstimatedFromMap,quadratic-control-point-fit-diversity-way-f-sites,,"Estimated Diversity Way F-site from the printed resort map using nearby KML/campsite control points. Navigation will get guests close, not to a surveyed pad boundary."
F29,Site F29,40.8973398,-75.60313,31.2,66.49,True,False,medium,estimated,EstimatedFromMap,quadratic-control-point-fit-diversity-way-f-sites,,"Estimated Diversity Way F-site from the printed resort map using nearby KML/campsite control points. Navigation will get guests close, not to a surveyed pad boundary."
F30,Site F30,40.8973711,-75.6030515,31.2,68.18,True,False,medium,estimated,EstimatedFromMap,quadratic-control-point-fit-diversity-way-f-sites,,"Estimated Diversity Way F-site from the printed resort map using nearby KML/campsite control points. Navigation will get guests close, not to a surveyed pad boundary."
F31,Site F31,40.8974025,-75.6029718,31.2,69.88,True,False,medium,estimated,EstimatedFromMap,quadratic-control-point-fit-diversity-way-f-sites,,"Estimated Diversity Way F-site from the printed resort map using nearby KML/campsite control points. Navigation will get guests close, not to a surveyed pad boundary."
F32,Site F32,40.8974337,-75.6028918,31.2,71.57,True,False,medium,estimated,EstimatedFromMap,quadratic-control-point-fit-diversity-way-f-sites,,"Estimated Diversity Way F-site from the printed resort map using nearby KML/campsite control points. Navigation will get guests close, not to a surveyed pad boundary."
F33,Site F33,40.8974587,-75.6028268,31.2,72.93,True,False,medium,estimated,EstimatedFromMap,quadratic-control-point-fit-diversity-way-f-sites,,"Estimated Diversity Way F-site from the printed resort map using nearby KML/campsite control points. Navigation will get guests close, not to a surveyed pad boundary."
G1,Site G1,40.8962062,-75.6034254,8.33,56.58,True,False,high,estimated,EstimatedFromMap,quadratic-control-point-fit,,"Estimated from the printed resort map using nearby KML control points. Navigation will get guests close, not to a surveyed pad boundary."
G2,Site G2,40.8962809,-75.6032917,8.52,59.91,True,False,high,estimated,EstimatedFromMap,quadratic-control-point-fit,,"Estimated from the printed resort map using nearby KML control points. Navigation will get guests close, not to a surveyed pad boundary."
G3,Site G3,40.8963587,-75.6032056,9.35,62.01,True,False,high,estimated,EstimatedFromMap,quadratic-control-point-fit,,"Estimated from the printed resort map using nearby KML control points. Navigation will get guests close, not to a surveyed pad boundary."
G4,Site G4,40.8964297,-75.6030554,9.35,65.6,True,False,high,estimated,EstimatedFromMap,quadratic-control-point-fit,,"Estimated from the printed resort map using nearby KML control points. Navigation will get guests close, not to a surveyed pad boundary."
G5,Site G5,40.8964831,-75.6029482,9.44,68.11,True,False,high,estimated,EstimatedFromMap,quadratic-control-point-fit,,"Estimated from the printed resort map using nearby KML control points. Navigation will get guests close, not to a surveyed pad boundary."
G6,Site G6,40.8965404,-75.6028214,9.44,71.03,True,False,high,estimated,EstimatedFromMap,quadratic-control-point-fit,,"Estimated from the printed resort map using nearby KML control points. Navigation will get guests close, not to a surveyed pad boundary."
G7,Site G7,40.8965952,-75.6027073,9.54,73.61,True,False,high,estimated,EstimatedFromMap,quadratic-control-point-fit,,"Estimated from the printed resort map using nearby KML control points. Navigation will get guests close, not to a surveyed pad boundary."
G8,Site G8,40.8966519,-75.6025853,9.63,76.32,True,False,high,estimated,EstimatedFromMap,quadratic-control-point-fit,,"Estimated from the printed resort map using nearby KML control points. Navigation will get guests close, not to a surveyed pad boundary."
G9,Site G9,40.8967086,-75.6024609,9.72,79.04,True,False,high,estimated,EstimatedFromMap,quadratic-control-point-fit,,"Estimated from the printed resort map using nearby KML control points. Navigation will get guests close, not to a surveyed pad boundary."
G10,Site G10,40.8967663,-75.6023224,9.72,82.02,True,False,high,estimated,EstimatedFromMap,quadratic-control-point-fit,,"Estimated from the printed resort map using nearby KML control points. Navigation will get guests close, not to a surveyed pad boundary."
G11,Site G11,40.8968188,-75.6021939,9.72,84.74,True,False,high,estimated,EstimatedFromMap,quadratic-control-point-fit,,"Estimated from the printed resort map using nearby KML control points. Navigation will get guests close, not to a surveyed pad boundary."
G12,Site G12,40.8968723,-75.6020605,9.72,87.52,True,False,high,estimated,EstimatedFromMap,quadratic-control-point-fit,,"Estimated from the printed resort map using nearby KML control points. Navigation will get guests close, not to a surveyed pad boundary."
G13,Site G13,40.8970226,-75.6019906,12.78,88.74,True,False,high,estimated,EstimatedFromMap,quadratic-control-point-fit,,"Estimated from the printed resort map using nearby KML control points. Navigation will get guests close, not to a surveyed pad boundary."
G14,Site G14,40.8970716,-75.6018627,12.78,91.32,True,False,high,estimated,EstimatedFromMap,quadratic-control-point-fit,,"Estimated from the printed resort map using nearby KML control points. Navigation will get guests close, not to a surveyed pad boundary."
G15,Site G15,40.8971228,-75.6017362,12.87,93.83,True,False,high,estimated,EstimatedFromMap,quadratic-control-point-fit,,"Estimated from the printed resort map using nearby KML control points. Navigation will get guests close, not to a surveyed pad boundary."
G16,Site G16,40.8971162,-75.6018132,13.43,92.27,True,False,high,estimated,EstimatedFromMap,quadratic-control-point-fit,,"Estimated from the printed resort map using nearby KML control points. Navigation will get guests close, not to a surveyed pad boundary."
G17,Site G17,40.8971801,-75.6016411,13.43,95.66,True,False,high,estimated,EstimatedFromMap,quadratic-control-point-fit,,"Estimated from the printed resort map using nearby KML control points. Navigation will get guests close, not to a surveyed pad boundary."
G18,Site G18,40.8972761,-75.6017478,16.85,93.42,True,False,high,estimated,EstimatedFromMap,quadratic-control-point-fit,,"Estimated from the printed resort map using nearby KML control points. Navigation will get guests close, not to a surveyed pad boundary."
G19,Site G19,40.8972765,-75.6017271,16.67,93.83,True,False,high,estimated,EstimatedFromMap,quadratic-control-point-fit,,"Estimated from the printed resort map using nearby KML control points. Navigation will get guests close, not to a surveyed pad boundary."
G20,Site G20,40.8972144,-75.6018453,16.2,91.52,True,False,high,estimated,EstimatedFromMap,quadratic-control-point-fit,,"Estimated from the printed resort map using nearby KML control points. Navigation will get guests close, not to a surveyed pad boundary."
G21,Site G21,40.8971512,-75.6019849,15.93,88.74,True,False,high,estimated,EstimatedFromMap,quadratic-control-point-fit,,"Estimated from the printed resort map using nearby KML control points. Navigation will get guests close, not to a surveyed pad boundary."
G22,Site G22,40.8970897,-75.6021257,15.74,85.89,True,False,high,estimated,EstimatedFromMap,quadratic-control-point-fit,,"Estimated from the printed resort map using nearby KML control points. Navigation will get guests close, not to a surveyed pad boundary."
G23,Site G23,40.8970427,-75.6021985,15.28,84.4,True,False,high,estimated,EstimatedFromMap,quadratic-control-point-fit,,"Estimated from the printed resort map using nearby KML control points. Navigation will get guests close, not to a surveyed pad boundary."
G24,Site G24,40.8969991,-75.602271,14.91,82.9,True,False,high,estimated,EstimatedFromMap,quadratic-control-point-fit,,"Estimated from the printed resort map using nearby KML control points. Navigation will get guests close, not to a surveyed pad boundary."
G25,Site G25,40.8969422,-75.6023934,14.72,80.33,True,False,high,estimated,EstimatedFromMap,quadratic-control-point-fit,,"Estimated from the printed resort map using nearby KML control points. Navigation will get guests close, not to a surveyed pad boundary."
G26,Site G26,40.8968892,-75.6025143,14.63,77.75,True,False,high,estimated,EstimatedFromMap,quadratic-control-point-fit,,"Estimated from the printed resort map using nearby KML control points. Navigation will get guests close, not to a surveyed pad boundary."
G27,Site G27,40.896863,-75.6026056,14.91,75.78,True,False,high,estimated,EstimatedFromMap,quadratic-control-point-fit,,"Estimated from the printed resort map using nearby KML control points. Navigation will get guests close, not to a surveyed pad boundary."
G28,Site G28,40.8967812,-75.6027259,14.17,73.13,True,False,high,estimated,EstimatedFromMap,quadratic-control-point-fit,,"Estimated from the printed resort map using nearby KML control points. Navigation will get guests close, not to a surveyed pad boundary."
G29,Site G29,40.8967259,-75.6028715,14.35,69.88,True,False,high,estimated,EstimatedFromMap,quadratic-control-point-fit,,"Estimated from the printed resort map using nearby KML control points. Navigation will get guests close, not to a surveyed pad boundary."
G30,Site G30,40.896511,-75.6032582,13.43,60.85,True,False,high,estimated,EstimatedFromMap,quadratic-control-point-fit,,"Estimated from the printed resort map using nearby KML control points. Navigation will get guests close, not to a surveyed pad boundary."
G31,Site G31,40.8964506,-75.603427,13.89,56.78,True,False,high,estimated,EstimatedFromMap,quadratic-control-point-fit,,"Estimated from the printed resort map using nearby KML control points. Navigation will get guests close, not to a surveyed pad boundary."
G32,Site G32,40.8965613,-75.6031934,13.89,62.42,True,False,low,estimated,EstimatedFromMap,quadratic-control-point-fit,,Low-confidence estimate inserted between nearby Grove labels because G32 is not clearly legible on the supplied map. Verify onsite before relying on exact placement.
G33,Site G33,40.8966294,-75.6031236,14.72,64.11,True,False,high,estimated,EstimatedFromMap,quadratic-control-point-fit,,"Estimated from the printed resort map using nearby KML control points. Navigation will get guests close, not to a surveyed pad boundary."
G34,Site G34,40.8967121,-75.6029929,15.28,67.16,True,False,high,estimated,EstimatedFromMap,quadratic-control-point-fit,,"Estimated from the printed resort map using nearby KML control points. Navigation will get guests close, not to a surveyed pad boundary."
G35,Site G35,40.8970023,-75.6026334,18.52,75.31,True,False,high,estimated,EstimatedFromMap,quadratic-control-point-fit,,"Estimated from the printed resort map using nearby KML control points. Navigation will get guests close, not to a surveyed pad boundary."
G36,Site G36,40.8970802,-75.602488,18.98,78.43,True,False,high,estimated,EstimatedFromMap,quadratic-control-point-fit,,"Estimated from the printed resort map using nearby KML control points. Navigation will get guests close, not to a surveyed pad boundary."
G37,Site G37,40.8971236,-75.6023783,18.98,80.73,True,False,high,estimated,EstimatedFromMap,quadratic-control-point-fit,,"Estimated from the printed resort map using nearby KML control points. Navigation will get guests close, not to a surveyed pad boundary."
G38,Site G38,40.8971675,-75.6022463,18.8,83.45,True,False,high,estimated,EstimatedFromMap,quadratic-control-point-fit,,"Estimated from the printed resort map using nearby KML control points. Navigation will get guests close, not to a surveyed pad boundary."
G39,Site G39,40.8972014,-75.6021974,19.17,84.46,True,False,high,estimated,EstimatedFromMap,quadratic-control-point-fit,,"Estimated from the printed resort map using nearby KML control points. Navigation will get guests close, not to a surveyed pad boundary."
G40,Site G40,40.897239,-75.6021273,19.44,85.89,True,False,high,estimated,EstimatedFromMap,quadratic-control-point-fit,,"Estimated from the printed resort map using nearby KML control points. Navigation will get guests close, not to a surveyed pad boundary."
G41,Site G41,40.8973312,-75.6021321,21.76,85.89,True,False,high,estimated,EstimatedFromMap,quadratic-control-point-fit,,"Estimated from the printed resort map using nearby KML control points. Navigation will get guests close, not to a surveyed pad boundary."
G42,Site G42,40.8972719,-75.6020397,19.44,87.65,True,False,high,estimated,EstimatedFromMap,quadratic-control-point-fit,,"Estimated from the printed resort map using nearby KML control points. Navigation will get guests close, not to a surveyed pad boundary."
G43,Site G43,40.897308,-75.6018922,18.98,90.57,True,False,high,estimated,EstimatedFromMap,quadratic-control-point-fit,,"Estimated from the printed resort map using nearby KML control points. Navigation will get guests close, not to a surveyed pad boundary."
G44,Site G44,40.8973833,-75.6017254,19.35,93.83,True,False,high,estimated,EstimatedFromMap,quadratic-control-point-fit,,"Estimated from the printed resort map using nearby KML control points. Navigation will get guests close, not to a surveyed pad boundary."
G45,Site G45,40.8974526,-75.6017263,21.11,93.83,True,False,high,estimated,EstimatedFromMap,quadratic-control-point-fit,,"Estimated from the printed resort map using nearby KML control points. Navigation will get guests close, not to a surveyed pad boundary."
G46,Site G46,40.8975324,-75.6016032,22.04,96.2,True,False,high,estimated,EstimatedFromMap,quadratic-control-point-fit,,"Estimated from the printed resort map using nearby KML control points. Navigation will get guests close, not to a surveyed pad boundary."
G47,Site G47,40.8975345,-75.6017228,23.15,93.96,True,False,high,estimated,EstimatedFromMap,quadratic-control-point-fit,,"Estimated from the printed resort map using nearby KML control points. Navigation will get guests close, not to a surveyed pad boundary."
G48,Site G48,40.8976856,-75.6017613,27.31,93.49,True,False,high,estimated,EstimatedFromMap,quadratic-control-point-fit,,"Estimated from the printed resort map using nearby KML control points. Navigation will get guests close, not to a surveyed pad boundary."
G49,Site G49,40.8976329,-75.6019037,27.22,90.77,True,False,high,estimated,EstimatedFromMap,quadratic-control-point-fit,,"Estimated from the printed resort map using nearby KML control points. Navigation will get guests close, not to a surveyed pad boundary."
G50,Site G50,40.8975283,-75.6020007,25.46,88.74,True,False,high,estimated,EstimatedFromMap,quadratic-control-point-fit,,"Estimated from the printed resort map using nearby KML control points. Navigation will get guests close, not to a surveyed pad boundary."
G51,Site G51,40.8974508,-75.6021429,24.81,85.89,True,False,high,estimated,EstimatedFromMap,quadratic-control-point-fit,,"Estimated from the printed resort map using nearby KML control points. Navigation will get guests close, not to a surveyed pad boundary."
G52,Site G52,40.8974047,-75.602279,24.91,83.18,True,False,high,estimated,EstimatedFromMap,quadratic-control-point-fit,,"Estimated from the printed resort map using nearby KML control points. Navigation will get guests close, not to a surveyed pad boundary."
G53,Site G53,40.8973653,-75.6024147,25.19,80.46,True,False,high,estimated,EstimatedFromMap,quadratic-control-point-fit,,"Estimated from the printed resort map using nearby KML control points. Navigation will get guests close, not to a surveyed pad boundary."
G54,Site G54,40.8973163,-75.6025226,25,78.22,True,False,high,estimated,EstimatedFromMap,quadratic-control-point-fit,,"Estimated from the printed resort map using nearby KML control points. Navigation will get guests close, not to a surveyed pad boundary."
G55,Site G55,40.897394,-75.6025704,27.31,77.54,True,False,high,estimated,EstimatedFromMap,quadratic-control-point-fit,,"Estimated from the printed resort map using nearby KML control points. Navigation will get guests close, not to a surveyed pad boundary."
G56,Site G56,40.8972123,-75.6025434,22.69,77.54,True,False,high,estimated,EstimatedFromMap,quadratic-control-point-fit,,"Estimated from the printed resort map using nearby KML control points. Navigation will get guests close, not to a surveyed pad boundary."
G57,Site G57,40.8971069,-75.6027584,22.22,72.93,True,False,high,estimated,EstimatedFromMap,quadratic-control-point-fit,,"Estimated from the printed resort map using nearby KML control points. Navigation will get guests close, not to a surveyed pad boundary."
G58,Site G58,40.8968619,-75.6029857,18.7,67.57,True,False,high,estimated,EstimatedFromMap,quadratic-control-point-fit,,"Estimated from the printed resort map using nearby KML control points. Navigation will get guests close, not to a surveyed pad boundary."
G59,Site G59,40.8967563,-75.6032253,18.7,62.08,True,False,high,estimated,EstimatedFromMap,quadratic-control-point-fit,,"Estimated from the printed resort map using nearby KML control points. Navigation will get guests close, not to a surveyed pad boundary."
G60,Site G60,40.8966762,-75.6034006,18.7,57.94,True,False,high,estimated,EstimatedFromMap,quadratic-control-point-fit,,"Estimated from the printed resort map using nearby KML control points. Navigation will get guests close, not to a surveyed pad boundary."
G61,Site G61,40.8966327,-75.6034935,18.7,55.7,True,False,high,estimated,EstimatedFromMap,quadratic-control-point-fit,,"Estimated from the printed resort map using nearby KML control points. Navigation will get guests close, not to a surveyed pad boundary."
G62,Site G62,40.8968734,-75.6034371,23.52,57.87,True,False,high,estimated,EstimatedFromMap,quadratic-control-point-fit,,"Estimated from the printed resort map using nearby KML control points. Navigation will get guests close, not to a surveyed pad boundary."
G63,Site G63,40.8968707,-75.6032413,21.48,62.08,True,False,high,estimated,EstimatedFromMap,quadratic-control-point-fit,,"Estimated from the printed resort map using nearby KML control points. Navigation will get guests close, not to a surveyed pad boundary."
G64,Site G64,40.8969931,-75.6031179,23.06,65.13,True,False,high,estimated,EstimatedFromMap,quadratic-control-point-fit,,"Estimated from the printed resort map using nearby KML control points. Navigation will get guests close, not to a surveyed pad boundary."
G65,Site G65,40.8970118,-75.6030077,22.41,67.5,True,False,high,estimated,EstimatedFromMap,quadratic-control-point-fit,,"Estimated from the printed resort map using nearby KML control points. Navigation will get guests close, not to a surveyed pad boundary."
